ID,Name,ELO,WithdrawStatus,WithdrawReason,TournamentLevel
1,Roger Federer,2100,0,N/A,1
2,Rafael Nadal,2050,0,N/A,1
3,Novak Djokovic,2000,0,N/A,1
4,Serena Williams,1985,0,N/A,1
5,Andy Murray,1970,0,N/A,1
6,Pete Sampras,1955,0,N/A,1
7,Bjorn Borg,1940,0,N/A,1
8,Andre Agassi,1925,0,N/A,1
9,Steffi Graf,1910,0,N/A,1
10,Martina Navratilova,1895,0,N/A,1
11,Venus Williams,1880,0,N/A,1
12,Rod Laver,1865,0,N/A,1
13,John McEnroe,1850,0,N/A,1
14,Jimmy Connors,1835,0,N/A,1
15,Ivan Lendl,1820,0,N/A,1
16,Boris Becker,1805,0,N/A,1
17,Monica Seles,1790,0,N/A,1
18,Chris Evert,1775,0,N/A,1
19,Justine Henin,1760,0,N/A,1
20,Kim Clijsters,1745,0,N/A,1
21,Lleyton Hewitt,1730,0,N/A,1
22,Stan Wawrinka,1715,0,N/A,1
23,David Ferrer,1700,0,N/A,1
24,Goran Ivanisevic,1685,0,N/A,1
25,Carlos Alcaraz,1670,0,N/A,1
26,Daniil Medvedev,1655,0,N/A,1
27,Dominic Thiem,1640,0,N/A,1
28,Alexander Zverev,1625,0,N/A,1
29,Stefanos Tsitsipas,1610,0,N/A,1
30,Nick Kyrgios,1595,0,N/A,1
31,Casper Ruud,1580,0,N/A,1
32,Jannik Sinner,1565,0,N/A,1
