No,TournamentName,TournamentLevel,Group,Player1,Player2,Winners,Location,StartTimestamp,EndTimestamp,Status
1,Males Open Series Tennis (Qualifiers),1,A,N/A,N/A,0,Arena A,202506030800,202506031000,Pending
2,Males Open Series Tennis (Qualifiers),1,B,N/A,N/A,0,Arena B,202506030800,202506031000,Pending
3,Males Open Series Tennis (Qualifiers),1,C,N/A,N/A,0,Arena C,202506030800,202506031000,Pending
4,Males Open Series Tennis (Qualifiers),1,D,N/A,N/A,0,Arena A,202506031100,202506031300,Pending
5,Males Open Series Tennis (Qualifiers),1,E,N/A,N/A,0,Arena B,202506031100,202506031300,Pending
6,Males Open Series Tennis (Qualifiers),1,F,N/A,N/A,0,Arena C,202506031100,202506031300,Pending
7,Males Open Series Tennis (Qualifiers),1,G,N/A,N/A,0,Arena A,202506031500,202506031700,Pending
8,Males Open Series Tennis (Qualifiers),1,H,N/A,N/A,0,Arena B,202506031500,202506031700,Pending
9,Males Open Series Tennis (Qualifiers),1,I,N/A,N/A,0,Arena C,202506031500,202506031700,Pending
10,Males Open Series Tennis (Qualifiers),1,J,N/A,N/A,0,Arena A,202506040800,202506041000,Pending
11,Males Open Series Tennis (Qualifiers),1,K,N/A,N/A,0,Arena B,202506040800,202506041000,Pending
12,Males Open Series Tennis (Qualifiers),1,L,N/A,N/A,0,Arena C,202506040800,202506041000,Pending
13,Males Open Series Tennis (Qualifiers),1,M,N/A,N/A,0,Arena A,202506041100,202506041300,Pending
14,Males Open Series Tennis (Qualifiers),1,N,N/A,N/A,0,Arena B,202506041100,202506041300,Pending
15,Males Open Series Tennis (Qualifiers),1,O,N/A,N/A,0,Arena C,202506041100,202506041300,Pending
16,Males Open Series Tennis (Qualifiers),1,P,N/A,N/A,0,Arena A,202506041500,202506041700,Pending
17,Males Open Series Tennis (Knockout),2,A,N/A,N/A,0,Arena A,202506050800,202506051000,Pending
18,Males Open Series Tennis (Knockout),2,B,N/A,N/A,0,Arena B,202506050800,202506051000,Pending
19,Males Open Series Tennis (Knockout),2,C,N/A,N/A,0,Arena C,202506050800,202506051000,Pending
20,Males Open Series Tennis (Knockout),2,D,N/A,N/A,0,Arena A,202506051100,202506051300,Pending
21,Males Open Series Tennis (Knockout),2,E,N/A,N/A,0,Arena B,202506051100,202506051300,Pending
22,Males Open Series Tennis (Knockout),2,F,N/A,N/A,0,Arena C,202506051100,202506051300,Pending
23,Males Open Series Tennis (Knockout),2,G,N/A,N/A,0,Arena A,202506051500,202506051700,Pending
24,Males Open Series Tennis (Knockout),2,H,N/A,N/A,0,Arena B,202506051500,202506051700,Pending
25,Males Open Series Tennis (Quarter Finals),3,A,N/A,N/A,0,Arena A,202506100800,202506101000,Pending
26,Males Open Series Tennis (Quarter Finals),3,B,N/A,N/A,0,Arena B,202506100800,202506101000,Pending
27,Males Open Series Tennis (Quarter Finals),3,C,N/A,N/A,0,Arena A,202506101300,202506101500,Pending
28,Males Open Series Tennis (Quarter Finals),3,D,N/A,N/A,0,Arena B,202506101300,202506101500,Pending
29,Males Open Series Tennis (Semi Finals),4,A,N/A,N/A,0,Arena A,202506110800,202506111000,Pending
30,Males Open Series Tennis (Semi Finals),4,B,N/A,N/A,0,Arena B,202506110800,202506111000,Pending
31,Males Open Series Tennis (Finals),5,A,N/A,N/A,0,Arena A,202506121300,202506121500,Pending
